"M. LouisGiscardd’Estaing",". La s�ance est ouverte.","5","yes","12 janvier 2012","S�ance unique","debut de seance"
"M. LouisGiscardd’Estaing"," M. ;le Pr�sident a re�u de M. ;le Premier ministre une lettre l’informant de sa d�cision de charger M. ;Roland Blum, d�put� des Bouches-du-Rh�ne, d’une mission temporaire aupr�s de la ministre de l’�cologie, du d�veloppement durable, des transports et du logement et du ministre aupr�s du ministre de l’�conomie, des finances et de l’industrie, charg� de l’industrie, de l’�nergie et de l’�conomie num�rique.  Protection de l’identit�","68","yes","12 janvier 2012","S�ance unique","debut de seance"
"M. LouisGiscardd’Estaing"," L’ordre du jour appelle la discussion du texte de la commission mixte paritaire sur les dispositions restant en discussion de la proposition de loi relative � la protection de l’identit� (n� ;4143). La parole est � M. Philippe Goujon, rapporteur de la commission mixte paritaire.","45","yes","12 janvier 2012","S�ance unique","debut de seance"
"M. Philippe Goujon,","  La CMP, � une courte majorit�, a cru devoir adopter une version du texte qui, � l’�vidence, ne peut �tre avalis�e par notre assembl�e. D’ailleurs la m�thode d’adoption de ce texte en CMP, telle qu’elle a �t� mise en œuvre, peut �tre interpr�t�e comme une sorte de d�voiement de la proc�dure pr�vue � l’article 45 de la Constitution,…","59","no","12 janvier 2012","S�ance unique","debut de seance"
"M. Serge Blisko."," Oh ;!","3","no","12 janvier 2012","S�ance unique","debut de seance"
"M. Philippe Goujon,",". …dont l’objectif est bien de proposer un texte de compromis, susceptible d’�tre accept� par les deux assembl�es.","18","no","12 janvier 2012","S�ance unique","debut de seance"
"M. Serge Blisko."," Il y en avait un ;!","7","no","12 janvier 2012","S�ance unique","debut de seance"
"M. Philippe Goujon,",". Or le S�nat savait pertinemment, compte tenu des d�bats d�j� nombreux sur ce texte, que l’Assembl�e nationale n’adopterait pas un texte revenant purement et simplement au lien faible, sans aucune autre proposition, ce qu’a d’ailleurs d�nonc� le pr�sident Warsmann au cours de cette CMP. En amendant aujourd’hui le texte issu de la CMP et en adoptant la semaine prochaine, en nouvelle lecture, notre version du texte, comme votre rapporteur vous y invite, nous d�montrerons � la nouvelle majorit� socialiste du S�nat que les artifices de proc�dure qu’elle utilise � tort ne peuvent pas avoir pour seul objectif d’entraver l’action de la majorit� de l’Assembl�e nationale, et ce conform�ment � l’esprit de nos institutions.","114","no","12 janvier 2012","S�ance unique","debut de seance"
"M. Jean-Pierre Schosteck."," C’est pourtant ce qu’elle souhaite ;!","7","no","12 janvier 2012","S�ance unique","debut de seance"
"M. Philippe Goujon,",". H�las ;!","3","no","12 janvier 2012","S�ance unique","debut de seance"
"M. Serge Blisko."," Je ne vous savais pas si fin constitutionnaliste, monsieur Goujon ;!","12","no","12 janvier 2012","S�ance unique","debut de seance"
"M. Philippe Goujon,",". L’article ;5 avait pourtant �t� r��crit, comme vous le savez, pour tenir compte des recommandations de la CNIL et du Conseil d’�tat, comme des observations du S�nat. Les garanties juridiques constitutionnelles et m�me conventionnelles de protection des libert�s publiques ont r�tabli un lien fort, mais extr�mement encadr�, de nature � apaiser toutes les inqui�tudes. Dois-je rappeler une nouvelle fois ces garanties ? Le nombre d’empreintes avait �t� limit� � deux, la reconnaissance faciale explicitement exclue et l’acc�s � la base sur r�quisition judiciaire restreint aux seules infractions li�es � l’usurpation d’identit� et � la recherche de corps de victimes de catastrophes collectives et naturelles. Nous �tions ainsi parvenus, me semble-t-il, � un texte d’�quilibre, apte � garantir � la fois la protection de l’identit� de nos concitoyens et les libert�s publiques. Nonobstant cette ouverture et cet effort de conciliation, que plusieurs orateurs, de droite comme de gauche, ont d’ailleurs reconnu, la commission mixte paritaire a r�tabli purement et simplement le lien faible, sacrifiant – je n’h�site pas � le dire – les victimes de fraude � l’identit�. Combien de fois faudra-t-il donc r�p�ter que le lien faible n’offre aucune possibilit� de retrouver l’identit� d’un usurpateur qui se serait introduit dans la base, ni d’identifier un cadavre ? Cette perm�abilit� � la fraude, doubl�e de l’impunit� dont est quasiment assur� le fraudeur – il faudrait une centaine d’enqu�tes de police pour identifier un seul fraudeur, ce qui, rapport� au taux annuel de fraudes identitaires, qu’on peut estimer � une centaine de milliers, donne un total de 10 millions d’enqu�tes de police annuelles – ne garantit pas non plus � 100 % la s�curit� de l’identit� de nos concitoyens. � quoi servirait-il d’instaurer une base centrale des donn�es si l’on ne peut l’utiliser, alors m�me que l’on assortit cette base de toutes les garanties utiles ? La justice se trouverait, de ce fait, tout simplement priv�e d’un moyen efficace de confondre les d�linquants. Chacun sait, en outre, que le lien faible n’a �t� adopt� par aucun pays au monde, Isra�l y ayant renonc� � cause de son manque de fiabilit�. Son inventeur lui-m�me le d�nigre, le qualifiant de � syst�me d�grad� �. Le GIXEL, qui regroupe tous les fabricants fran�ais, consid�re pour sa part qu’il est impossible � mettre en œuvre car il n’a tout simplement aucun sens.","380","no","12 janvier 2012","S�ance unique","debut de seance"
"M. LouisGiscardd’Estaing"," La parole est � M. ;le ministre de l’int�rieur, de l’outre-mer, des collectivit�s territoriales et de l’immigration.","18","yes","12 janvier 2012","S�ance unique","debut de seance"
"M. Claude Gu�ant,"," Monsieur le pr�sident, monsieur le pr�sident de la commission des lois, monsieur le rapporteur de la commission mixte paritaire, mesdames, messieurs les d�put�s, le texte qui revient aujourd’hui devant vous a d�j� fait l’objet de d�bats approfondis et constructifs. Votre assembl�e �tait parvenue, � l’issue de la deuxi�me lecture, � un texte �quilibr�, � la fois efficace pour la lutte contre l’usurpation d’identit� et pourvu de meilleures garanties au regard des libert�s publiques. La commission mixte paritaire qui s’est r�unie mardi dernier a souhait� revenir sur votre travail en r�tablissant le concept de lien faible plut�t que de conserver un lien univoque entre les donn�es enregistr�es dans le fichier des titres �lectroniques s�curis�s, la base TES. Le Gouvernement continue de s’opposer fermement � la fausse solution que constitue le lien faible. C’est la raison pour laquelle je vous propose un amendement tendant � revenir au texte que votre assembl�e avait arr�t� en deuxi�me lecture, qui tenait compte largement des pr�occupations exprim�es par le S�nat. C’est un retour strat�gique pour la bonne mise en œuvre de la future carte nationale d’identit�. Il conditionne en effet ni plus ni moins que la r�alisation de l’objectif que nous nous sommes fix� et que nous ne devons jamais perdre de vue, � savoir la protection de nos concitoyens contre l’usurpation d’identit�. Voir son identit� usurp�e est en effet une exp�rience particuli�rement traumatisante, d’abord parce qu’elle touche moins ce que nous avons que ce que nous sommes : au pr�judice mat�riel s’ajoute le pr�judice moral de voir son honn�tet� mise en doute, son nom sali, sa r�putation tra�n�e dans la boue. Ensuite, parce qu’elle s’inscrit dans la dur�e : la constatation de l’usurpation ne suffit pas � en faire cesser les effets. De longs mois sont souvent n�cessaires aux forces de l’ordre pour d�m�ler l’identit� usurp�e de celle de l’usurpateur. Pendant ce temps, la victime peut se retrouver priv�e de droits et parfois m�me de sa libert�. �tablir un lien fort entre les �l�ments d’�tat civil et les donn�es biom�triques au sein de la base TES constitue l’unique moyen d’atteindre notre objectif. Je voudrais attirer votre attention sur les grandes fragilit�s du lien faible. Fragilit� technique, d’abord, puisque l’entreprise qui le propose doute elle-m�me de sa faisabilit�.","371","no","12 janvier 2012","S�ance unique","debut de seance"
"M. Philippe Goujon,",". Bien s�r ;!","4","no","12 janvier 2012","S�ance unique","debut de seance"
"M. Claude Gu�ant,"," Elle indique que le lien faible n’est actuellement qu’un concept, qui n’est pas op�rationnel, et qui demande du temps et des investissements pour le devenir. D�s lors, envisager de b�tir aujourd’hui sur ce concept un syst�me s�curis� pour des millions de nos concitoyens n’est pas r�aliste.","47","no","12 janvier 2012","S�ance unique","debut de seance"
"M. LouisGiscardd’Estaing"," La parole est � M. ;le pr�sident de la commission des lois constitutionnelles, de la l�gislation et de l’administration g�n�rale de la R�publique.","24","yes","12 janvier 2012","S�ance unique","debut de seance"
"M. Jean-Luc Warsmann,","Monsieur le pr�sident, j’aimerais, � ce stade du d�bat, revenir sur les conditions dans lesquelles la commission mixte paritaire a abouti. La CMP a jug� bon d’adopter le texte du S�nat, texte qui n’est en aucun cas conciliable avec la position d�lib�r�e par l’Assembl�e nationale, telle que les d�bats l’ont montr�e et que l’a relev�e notre rapporteur en CMP. Ce n’est qu’au gr� d’une majorit� de circonstance que le texte du S�nat a tout de m�me �t� adopt�. Je dois vous dire, comme je l’ai soulign� en commission mixte paritaire, qu’il s’agit, � mon sens, d’un d�voiement de la proc�dure de la CMP, dont l’objet est pr�cis�ment d’aboutir, par des compromis des uns et des autres, � une version susceptible de rassembler une majorit� dans chacune des deux assembl�es. � cet �gard, je note que, sur le site Internet du S�nat, figure une pr�sentation des r�gles qui r�gissent les commissions mixtes paritaires et de leur r�le. Je me permets de prendre quelques instants pour vous la lire : � La vertu de la CMP est, pr�cis�ment, de pouvoir faire se rencontrer, dans une enceinte r�duite, quelques d�put�s et quelques s�nateurs dont la mission est de rechercher les compromis – et d’accepter les concessions – les mieux aptes � recueillir l’approbation des deux assembl�es […] � Lorsqu’un vote appara�t n�cessaire, il convient de veiller rigoureusement au respect de l’�quilibre des votants entre d’une part, les membres de chaque assembl�e et d’autre part, la pond�ration majorit�/opposition. Le respect de ces �quilibres n�cessite parfois la non-participation au vote de certains membres pr�sents, car si tel n’�tait pas le cas, l’accord obtenu en CMP au gr� d’une majorit� de circonstance n’aurait aucune chance d’�tre ratifi� en aval par l’une ou l’autre des deux assembl�es dans la suite de la proc�dure. � Mes chers coll�gues, nous nous trouvons dans cette situation. Je regrette tr�s sinc�rement le comportement de nos coll�gues s�nateurs, qui m�conna�t profond�ment le sens de l’article 45 de la Constitution. Je tenais � rappeler ces quelques principes simples.","330","no","12 janvier 2012","S�ance unique","debut de seance"
"M. LouisGiscardd’Estaing"," Dans la discussion g�n�rale, la parole est � M. ;Marc Dolez.","12","yes","12 janvier 2012","S�ance unique","Discussion g�n�rale"
"M. Marc Dolez."," Mon propos sera bref, il n’en sera pas moins v�h�ment. D’abord, je veux protester contre l’organisation de nos travaux. Ce n’est qu’hier � seize heures trente que nous avons appris que les conclusions de la CMP sur ce texte devaient �tre discut�es ce matin alors que cette discussion �tait programm�e pour le 19 janvier. Cette pr�cipitation traduit, selon nous, la volont� de passage en force du Gouvernement et, contrairement � ce que viennent de dire le rapporteur et le pr�sident de la commission des lois, nous pensons qu’une telle pr�cipitation t�moigne d’un certain m�pris pour la repr�sentation nationale. La CMP avait en effet trouv� un accord sur le dernier article restant en discussion dans ce texte, l’article 5. Elle avait d�cid� – contre l’avis du Gouvernement, il est vrai – de r�tablir le lien faible entre donn�es d’identit� et donn�es biom�triques.","140","no","12 janvier 2012","S�ance unique","Discussion g�n�rale"
"M. Jean-Luc Warsmann,"," Le Gouvernement n’est pas repr�sent� en CMP ;!","9","no","12 janvier 2012","S�ance unique","Discussion g�n�rale"
"M. Marc Dolez."," Ce lien, nous venons de l’entendre, est inacceptable pour le Gouvernement, qui s’obstine, co�te que co�te, � �tablir un lien fort afin d’identifier un individu, c’est-�-dire de retrouver son �tat civil � partir de ses donn�es biom�triques. Cela atteste, selon nous, des r�elles intentions du Gouvernement, qui souhaite utiliser le fichier dans le cadre de missions de police judiciaire et non dans le cadre d’une simple gestion administrative des proc�dures de d�livrance des titres. Pour ce qui nous concerne, si nous sommes satisfaits que le texte de la CMP retienne le lien faible, nous contestons de mani�re radicale, je le r�p�te, la cr�ation de ce type de fichier � vocation g�n�rale sous quelque forme que ce soit. Qu’il soit utilis� � des fins de gestion administrative ou � des fins de police judiciaire, nous estimons dangereux pour les libert�s publiques de mettre en place un tel fichier g�n�ralis� de la population. Nous voterons donc, une fois de plus, contre cette proposition de loi, m�me si le texte de la CMP peut �tre consid�r� comme un moindre mal.","178","no","12 janvier 2012","S�ance unique","Discussion g�n�rale"
"M. LouisGiscardd’Estaing"," La parole est � M. ;�ric Ciotti.","8","yes","12 janvier 2012","S�ance unique","Discussion g�n�rale"
"M. �ric Ciotti."," Monsieur le pr�sident, monsieur le ministre, monsieur le rapporteur, mes chers coll�gues, je voudrais, au nom du groupe UMP, m’associer aux propos de M. ;le pr�sident de la commission des lois pour d�noncer le v�ritable coup de force institutionnel qui s’est d�roul� lors du vote en CMP, qui d�voie nos institutions et notamment son article ;45.","57","no","12 janvier 2012","S�ance unique","Discussion g�n�rale"
"M. Serge Blisko"," et ","3","no","12 janvier 2012","S�ance unique","Discussion g�n�rale"
"M. Marc Dolez."," Oh ;!","3","no","12 janvier 2012","S�ance unique","Discussion g�n�rale"
"M. �ric Ciotti."," Comme l’a excellemment rappel� le pr�sident de la commission des lois, nous sommes en pr�sence d’une d�rive qu’il convient de d�noncer parce qu’elle nous oriente sur un chemin dangereux pour nos institutions.","33","no","12 janvier 2012","S�ance unique","Discussion g�n�rale"
"M. Serge Blisko."," Cela s’appelle la d�mocratie ;!","6","no","12 janvier 2012","S�ance unique","Discussion g�n�rale"
"M. �ric Ciotti."," Je veux remercier et f�liciter le Gouvernement d’avoir r�inscrit imm�diatement ce texte ici afin que nous puissions r�tablir sa version initiale et poursuivre ainsi l’examen d’un projet important et attendu par nos concitoyens. Tous, nous nous accordons pour souligner que la cr�ation de la base des titres �lectroniques s�curis�s est aujourd’hui une n�cessit�. Tous, nous reconnaissons que l’usurpation d’identit� est un fl�au qui paralyse, chaque ann�e, la vie de plusieurs dizaines de milliers de nos concitoyens. Tous, nous constatons que l’usurpation d’identit� est un mode de d�linquance en croissance, qu’elle est souvent la premi�re �tape avant la r�alisation d’infractions tr�s graves. Outre le traumatisme pour la victime, dont la vie quotidienne se trouve naturellement boulevers�e par le vol de son identit�, c’est la soci�t� dans son ensemble qui en p�tit. L’usurpation d’identit� donne le plus souvent lieu � l’escroquerie bancaire, � la fraude aux prestations sociales, � l’entr�e et au s�jour ill�gal sur le territoire fran�ais, au crime organis�, voire aux actes de terrorisme. C’est la raison pour laquelle nous recherchons le bon �quilibre de mise en œuvre d’une carte d’identit� �lectronique s�curis�e int�grant des donn�es biom�triques. Il est ainsi apparu n�cessaire de renforcer les moyens de d�tection des faux documents et d’apporter des garanties solides de s�curit� � l’occasion de la d�livrance des documents d’identit�. Ce texte entend donc passer � un niveau sup�rieur de s�curisation de l’identit� � travers deux types de mesures : la g�n�ralisation de la mise en œuvre des technologies biom�triques et la constitution d’un fichier central biom�trique des cartes nationales d’identit� et des passeports. Au-del� de ce constat partag�, la question est de savoir quelle architecture retenir pour la base TES, afin de combiner efficacit� dans la lutte contre l’usurpation d’identit� et strict respect des libert�s fondamentales. Il est utile de rappeler que le fichier des identit�s biom�triques est un fichier administratif, et non un fichier de police ! Toutefois, pour r�pondre aux inqui�tudes suscit�es par la cr�ation de ce fichier administratif, nous avions pr�cis� quatre points lors de l’adoption en deuxi�me lecture de la proposition de loi � l’Assembl�e nationale. Nous avions ainsi d�cid� de retenir, pour la carte d’identit� �lectronique, cette m�me limitation � deux empreintes pr�lev�es et enregistr�es. Deuxi�me pr�cision, nous avions exclu du traitement la reconnaissance faciale. Concernant l’acc�s � la base, nous avions vot� que celle-ci ne pourrait d�sormais �tre consult�e, comme l’a rappel� le ministre, que sous le contr�le d’un magistrat, uniquement dans le cadre d’enqu�tes en flagrance, d’enqu�tes pr�liminaires ou sur ex�cution de commissions rogatoires, li�es � des infractions de fraude � l’identit�, ou encore, exceptionnellement, de catastrophes naturelles. Enfin, nous avions limit� les interconnexions entre les fichiers. Nous avions ainsi souhait� que soit explicitement inscrite dans la loi l’interdiction de croiser la base TES avec les autres fichiers ou recueils de donn�es nominatives. Concr�tement, cela signifie que les donn�es biom�triques de la base n’auraient pas pu �tre utilis�es dans un traitement associant un autre fichier. Cette limitation entrait pleinement, elle aussi, dans le champ des recommandations de la CNIL. Voil� la position �quilibr�e � laquelle nous �tions parvenus, qui prenait en compte les r�ticences et les r�serves des uns et des autres. C’est � ce stade que la majorit� s�natoriale a choisi cette attitude que nous d�noncions � l’instant en commission mixte paritaire, une attitude qui a pour objectif de retarder l’adoption du texte.","557","no","12 janvier 2012","S�ance unique","Discussion g�n�rale"
"M. Jean-Luc Warsmann,"," Absolument ;!","3","no","12 janvier 2012","S�ance unique","Discussion g�n�rale"
"M. �ric Ciotti."," Il s’agit de tenter une manœuvre dilatoire en revenant � la technique dite du � ;lien faible ;�, alors que les s�nateurs socialistes savaient pertinemment que nous ne pourrions l’accepter en l’�tat. Loin de la recherche d’un compromis, c’�tait au contraire un moyen de provoquer la rupture. On ne pourra prot�ger les victimes des usurpations d’identit� qu’en identifiant les usurpateurs. Or, la technique du lien faible ne le permet pas. La base � � lien faible � pr�sente une tr�s faible fiabilit�. Pour preuve, elle n’a �t� mise en place dans aucun pays au monde ! Cette technique rend tout simplement impossible l’�tablissement d’un lien t�nu et unique entre l’identit� civile d’une personne et ses empreintes digitales. Cette construction du fichier s�pare en effet les diff�rentes donn�es relatives � la personne que sont les empreintes et l’identit�. Au final, l’identification d’un usurpateur se trouve fortement contrainte, sauf � engager une enqu�te longue et co�teuse. Cette enqu�te sera-t-elle men�e syst�matiquement ? Bien s�r que non !","161","no","12 janvier 2012","S�ance unique","Discussion g�n�rale"
"M. LouisGiscardd’Estaing"," La parole est � M. ;Serge Blisko.","8","yes","12 janvier 2012","S�ance unique","Discussion g�n�rale"
"M. Serge Blisko."," Monsieur le pr�sident, monsieur le ministre, mes chers coll�gues, je souhaite tout d’abord revenir sur ce que le pr�sident de la commission des lois a qualifi� de � ;coup de force ;� de la commission mixte paritaire.","38","no","12 janvier 2012","S�ance unique","Discussion g�n�rale"
"M. Jean-Luc Warsmann,"," De d�voiement ;!","4","no","12 janvier 2012","S�ance unique","Discussion g�n�rale"
"M. Serge Blisko."," M. ;le pr�sident de la commission nous a lu le r�glement int�rieur ou les informations figurant sur le site Internet du S�nat, je ne sais, mais il n’a pas �t� complet. Il a omis de pr�ciser que ce travail �tait l’aboutissement de lectures diverses et successives tant � l’Assembl�e nationale qu’au S�nat. Certes, et c’est la seule chose sur laquelle nous pouvons �tre d’accord, il y avait une incompatibilit�, une difficult� tr�s nette � propos des dispositions qui �taient encore en d�saccord au moment o� s’est r�unie la commission mixte paritaire, mais M. Warsmann aurait d� indiquer qu’en deuxi�me lecture le S�nat avait adopt� le texte � la quasi-unanimit�, c’est-�-dire tous groupes confondus ; UMP, Union centriste, RDSE, socialiste, communiste et r�publicain. J’ai sous les yeux le r�sultat du vote de la deuxi�me lecture du S�nat : 340 voix contre 5 – excusez du peu. Ce vote exprimait la volont� s�natoriale d’arriver, � l’issue de la deuxi�me lecture, � un texte…","159","no","12 janvier 2012","S�ance unique","Discussion g�n�rale"
"M. Jean-Luc Warsmann,"," Avec un mode de scrutin qui n’est pas conforme � la Constitution ;!","14","no","12 janvier 2012","S�ance unique","Discussion g�n�rale"
"M. Serge Blisko."," Monsieur le pr�sident Warsmann, vous �tes certainement un tr�s grand pr�sident de notre commission des lois,…","17","no","12 janvier 2012","S�ance unique","Discussion g�n�rale"
"M. �ric Ciotti."," �a, c’est vrai ;!","5","no","12 janvier 2012","S�ance unique","Discussion g�n�rale"
"M. Serge Blisko."," …mais vous n’�tes pas encore le garant de toute la constitutionnalit� dans toutes les assembl�es de ce pays.","19","no","12 janvier 2012","S�ance unique","Discussion g�n�rale"
"M. Philippe Goujon,",". C’est dommage ;! ","5","no","12 janvier 2012","S�ance unique","Discussion g�n�rale"
"M. Serge Blisko."," Certains peuvent le d�plorer, pas moi. En tout cas, votre interpr�tation m�riterait d’�tre corrig�e par le simple expos� des faits objectifs, � savoir que le S�nat a vot� � la quasi-unanimit� pour la version qui nous a �t� pr�sent�e. Je sais que vous n’avez pas l’habitude que le S�nat soit majoritairement oppos� au Gouvernement d’aujourd’hui, n�anmoins ce vote repr�sentait l’ensemble du S�nat. Une telle unanimit� au S�nat est assez rare, elle contraste d’ailleurs avec la division tr�s profonde de l’Assembl�e nationale. Un v�ritable probl�me se posait, puisque le S�nat, d�fenseur des libert�s publiques, a cru devoir, � la quasi-unanimit� – 340 voix contre 5, cela fait 99 % � peu pr�s – dire que le texte de l’Assembl�e nationale qui �tait propos� par le rapporteur, et que le Gouvernement soutient, n’�tait pas de nature � respecter les libert�s publiques. Il ne s’agit ni d’un coup de force, ni d’une manœuvre subreptice. Je rel�ve d’ailleurs, sans donner de noms, qu’en commission mixte paritaire un certain nombre de s�nateurs UMP ont, par d�l�gation ou directement, accord� leur confiance � la version du lien faible et rejet� la version que vous leur proposiez.","190","no","12 janvier 2012","S�ance unique","Discussion g�n�rale"
"M. Jean-Luc Warsmann,"," C’est inexact ;!","4","no","12 janvier 2012","S�ance unique","Discussion g�n�rale"
"M. Serge Blisko."," Je voudrais donc r�tablir les faits ;: dans cette affaire, qui touche aux libert�s publiques, l’opposition n’est pas isol�e face � la majorit�. Quant au petit coup de force que constitue la pr�cipitation avec laquelle le Gouvernement nous a � propos� �, hier � seize heures trente, d’examiner ce texte d�s ce matin, je n’y reviens pas. Nous sommes peu nombreux mais, je l’esp�re, la qualit� y est. Je le rappelle, cette proposition de loi �tait destin�e, � l’origine, � lutter contre une d�linquance tr�s perturbante pour les victimes, celle de l’usurpation de leur identit�, qui peut causer des d�g�ts financiers mais aussi psychologiques. Le probl�me, au regard des libert�s publiques, c’est que vous avez choisi de mettre en place ce que le ministre appelle une � base �, c’est-�-dire un fichier g�n�ralis� des donn�es biom�triques, ce qui, je persiste � le penser, contrevient au principe, pos� par la CNIL, de proportionnalit� entre l’�tendue du fichage et l’objectif l�gitime de lutte contre la fraude documentaire. Vous pr�tendez vouloir surtout lutter contre l’usurpation d’identit� et affirmez que la m�thode du lien faible que nous pr�conisons n’est pas efficace en la mati�re. Mais regardons les articles auxquels vous vous r�f�rez pour l’utilisation de cette base de donn�es biom�triques et les infractions auxquelles ils renvoient. Il s’agit d’abord de l’usurpation d’identit� elle-m�me, vis�e � l’article 226-4-1 du code p�nal, et de l’escroquerie par fausse identit�, vis�e aux articles 313-1 et 313-2 du m�me code. Est �galement mentionn�e l’atteinte aux services sp�cialis�s de renseignement, ce qui suscite de ma part quelques questions, car il me semble que cela rel�ve d’un autre cadre que l’usurpation d’identit�. Sur l’atteinte � l’�tat civil des personnes, nous sommes d’accord, mais que recouvre l’entrave � l’exercice de la justice, mentionn�e � l’article 434-23 du code p�nal ? Sont encore concern�s le faux et l’usage de faux, vis�s � l’article 441-1, le faux commis dans un document d�livr� par une administration publique, vis� � l’article 441-2, la d�tention frauduleuse d’un tel document, vis�e � l’article 441-3, le faux en �criture publique, vis� � l’article 441-4, le fait de se faire procurer frauduleusement – en cons�quence de l’usurpation d’identit� – un document d�livr� par une administration publique, vis� � l’article 441-6, et l’�tablissement d’un faux certificat, vis� � l’article 441-7. J’accepte la fraude au permis de conduire, vis�e � l’article L. 225-8 du code de la route, et qui rel�ve bien de l’usurpation d’identit�, mais la fraude aux plaques d’immatriculation concerne plut�t, quant � elle, l’identit� du v�hicule, m�me si, j’en conviens, elle t�moigne d’une intention d�lictueuse ou criminelle. Quant � la mention d’une fausse adresse ou identit� aux agents asserment�s des transports, bien qu’elle soit un d�lit, il ne s’agit plus vraiment d’usurpation d’identit�. Enfin la demande indue de d�livrance d’un extrait du casier judiciaire d’un tiers, vis�e � l’article L. 781 du code de proc�dure p�nale, cl�t une liste pour l’heure limitative, mais malgr� tout inqui�tante, car elle d�borde tr�s largement le simple cas de l’usurpation d’identit�. Pour lutter contre toutes ces infractions, vous entendez donc constituer ce que le s�nateur Pillet, rapporteur de la proposition de loi, appelle le � fichier des gens honn�tes �, qui recensera toute la population fran�aise au-del� de quinze ans, au fur et � mesure qu’elle renouvellera sa carte d’identit�. Il comptera � terme 45 millions d’entr�es, soit le plus grand fichier de France ! Or quand je vois, monsieur le ministre, les difficult�s que rencontrent vos services avec le STIC, fichier des infractions constat�es qui recense plusieurs millions de personnes et qui, d’apr�s les �tudes de la CNIL, comporte 30 � 40 % de donn�es erron�es ou caduques, je ne crois pas � la s�curit� juridique, mais redoute au contraire l’incertitude. La seule fa�on de neutraliser ce fichier effrayant est de revenir � la disposition dite du lien faible, qui permettrait – j’emploie le conditionnel, car il s’agit de techniques nouvelles sur lesquelles nous manquons de recul – d’identifier 99,9 % des cas d’usurpation d’identit� sans attenter � la vie priv�e. Au contraire, le lien fort rend possible l’identification d’une personne � partir de ses seules empreintes digitales par la consultation du fichier centralis�. On voit ainsi l’usage qui pourrait en �tre fait, car les � gens honn�tes � laissent leurs empreintes digitales partout, et ni le minist�re de l’int�rieur ni les services de gendarmerie et de police n’ont pour mission de suivre � la trace les citoyens en empi�tant ainsi gravement sur leur vie priv�e.","721","no","12 janvier 2012","S�ance unique","Discussion g�n�rale"
"M. Philippe Goujon,","Merci ;!","2","no","12 janvier 2012","S�ance unique","Discussion g�n�rale"
"M. Serge Blisko."," …vous n’ayez envie d’�tendre votre syst�me � d’autres infractions, pour en faire le Big Brother que je d�crivais. Nous vous demandons donc instamment, eu �gard au danger pour les libert�s individuelles et les libert�s publiques, de revenir � la raison, c’est-�-dire � la version adopt�e � la quasi-unanimit� par le S�nat en seconde lecture et vot�e par une large majorit� de la CMP.","64","no","12 janvier 2012","S�ance unique","Discussion g�n�rale"
"M. LouisGiscardd’Estaing",". La discussion g�n�rale est close. Texte de la commission mixte paritaire","12","yes","12 janvier 2012","S�ance unique","Discussion g�n�rale"
"M. LouisGiscardd’Estaing"," Nous en venons au texte de la commission mixte paritaire. Conform�ment � l’article ;113, alin�a ;3, du r�glement, je vais appeler l’Assembl�e � statuer d’abord sur l’amendement dont je suis saisi. La parole est � M. le ministre, pour d�fendre l’amendement n� 1.","42","yes","12 janvier 2012","S�ance unique","Texte de la commission mixte paritaire"
"M. Claude Gu�ant,"," Pour toutes les raisons d�velopp�es par le pr�sident de la commission des lois, votre rapporteur et M. ;Ciotti, le Gouvernement propose de r�tablir la r�daction de l’article ;5, adopt�e en deuxi�me lecture par l’Assembl�e nationale.","36","no","12 janvier 2012","S�ance unique","Texte de la commission mixte paritaire"
"M. LouisGiscardd’Estaing"," Quel est l’avis de la commission ;?","8","yes","12 janvier 2012","S�ance unique","Texte de la commission mixte paritaire"
"M. Philippe Goujon,",". Il est �vident, � l’issue de nos d�bats, que seule l’adoption de l’amendement du Gouvernement, qui r�tablit le texte de compromis que nous avions vot� en deuxi�me lecture, permettra d’assurer la double vocation de cette proposition de loi, qui est � la fois de s�curiser les titres d’identit� et de permettre d’identifier les fraudeurs, ce que ne permet pas le texte issu de la commission mixte paritaire. Je remercie �ric Ciotti qui a bien expliqu� l’�conomie g�n�rale du texte, et rappelle � MM. Dolez et Blisko qu’on ne peut pas dire, comme ils le pr�tendent, que nos travaux soient improvis�s : il y a d�j� eu deux lectures, et nous aurons � travailler encore sur le sujet. Enfin, je tiens � pr�ciser, au rebours de l’interpr�tation quelque peu audacieuse de M. Blisko des travaux de la CMP, que les s�nateurs UMP qui y participaient, et notamment l’auteur initial de la proposition de loi, M. Lecerf, qui s’est exprim� en faveur du texte adopt� par l’Assembl�e nationale en deuxi�me lecture, ont rejet� le texte de la commission et celui du S�nat. Le texte adopt� par notre assembl�e en seconde lecture proc�dait d’un v�ritable souci d’aboutir � un compromis que n’a pas compris la majorit� socialiste du S�nat, laquelle n’a rien propos� d’autre que le retour au lien faible, qui ne permet pas r�ellement d’identifier les fraudeurs. Il s’agit d’un texte particuli�rement respectueux de l’avis de la CNIL, puisque cette derni�re admet, dans son avis, que le traitement automatis� et centralis� de donn�es biom�triques peut �tre admis, � condition que des exigences en mati�re de s�curit� ou d’ordre public le justifient. Quant aux r�serves �mises dans cet avis et qui concernent la proportionnalit� du traitement, le dispositif que nous proposons ici leur apporte une r�ponse. La CNIL r�clamait un renforcement de la s�curit� d’acc�s � la base : satisfaction lui est donn�e, puisque l’acc�s � la base sur r�quisition judiciaire a �t� limit�e au cas par cas, sous le contr�le d’un magistrat et uniquement pour les enqu�tes d’usurpation et d’identification de cadavre en cas de catastrophe. La CNIL r�clamait l’abaissement du nombre d’empreintes : elles sont pass�es de huit � deux. La CNIL r�clamait une proc�dure de fiabilisation des documents d’�tat civil : le texte y apporte une r�ponse � l’article 4, qui n’est plus en discussion. La CNIL souhaitait �galement que la loi pr�voie l’interdiction de toute interconnexion avec le traitement de donn�es � caract�re personnel : nous excluons express�ment toute interconnexion des donn�es digitales et faciales. La CNIL souhaitait de m�me que soit exclue la reconnaissance faciale : c’est ce que fait le dispositif. Enfin, la CNIL souhaitait que soit bien rappel� le caract�re facultatif de la puce � services �, � laquelle vous avez fait allusion, monsieur Blisko, pour que chaque citoyen ma�trise les informations transmises au net service. Vous n’avez d’ailleurs pas �t� tr�s exact sur ce point, puisqu’il n’est pas possible d’acc�der � la base de la fa�on dont vous l’avez d�crit. Il y a d’autant moins lieu de faire obstacle � l’avanc�e que repr�sente ce texte qu’il ne s’agit pas d’un fichier de police mais d’un fichier administratif. J’insiste sur ce point : c’est le fichier automatis� des empreintes digitales – FAED – qui sera utilis� dans le cadre d’une enqu�te de police, et non ce fichier-ci. Un d�cret en Conseil d’�tat organisera de surcro�t le fonctionnement de cette base. Pour toutes ces raisons, il est important d’adopter le texte vot� par notre assembl�e en deuxi�me lecture, seul � pouvoir garantir la protection des libert�s individuelles tout en permettant de confondre les fraudeurs � l’identit� qui posent un grave probl�me dans notre pays. Vous �tes en pleine contradiction, monsieur Blisko, car c’est ce que vous souhaitiez mais sans vous en donner les moyens.","615","no","12 janvier 2012","S�ance unique","Texte de la commission mixte paritaire"
"M. LouisGiscardd’Estaing"," La parole est � M. ;Dominique Raimbourg, pour une explication de vote au nom du groupe socialiste, radical, citoyen et divers gauche.","23","yes","12 janvier 2012","S�ance unique","Explication de vote"
"M. Dominique Raimbourg."," Les propos de M. ;Blisko ont �t� convaincants, et le seul fait que l’immense majorit� des s�nateurs se soit prononc�e contre ce texte prouve qu’il pose un vrai probl�me. Au lien fort pr�vu par le texte, il aurait fallu pr�f�rer un lien faible, plus protecteur des libert�s individuelles. Vote sur l’ensemble","52","no","12 janvier 2012","S�ance unique","Explication de vote"
"M. LouisGiscardd’Estaing"," Je mets aux voix l’ensemble de la proposition de loi, compte tenu du texte de la commission mixte paritaire, modifi� par l’amendement qui vient d’�tre adopt�.","27","yes","12 janvier 2012","S�ance unique","Vote sur l’ensemble"
"M. LouisGiscardd’Estaing","L’ordre du jour appelle la suite de la discussion, apr�s engagement de la proc�dure acc�l�r�e, du projet de loi de programmation relatif � l’ex�cution des peines (n Le temps de parole restant pour la discussion de ce texte est de sept heures et vingt minutes pour le groupe de l’Union pour un mouvement populaire, dont quinze amendements restent en discussion ; de neuf heures et dix minutes pour le groupe socialiste, radical, citoyen et divers gauche, dont onze amendements restent en discussion ; de trois heures et cinquante-six minutes pour le groupe Nouveau Centre, dont trois amendements restent en discussion ; de quatre heures et cinquante-neuf minutes pour le groupe de la Gauche d�mocrate et r�publicaine, dont trois amendements restent en discussion ; de cinquante minutes pour les d�put�s non inscrits. Hier soir, l’Assembl�e a commenc� l’examen des articles, s’arr�tant � l’article 4.  Article 4","141","yes","12 janvier 2012","S�ance unique","Vote sur l’ensemble"
"M. LouisGiscardd’Estaing"," La parole est � M. ;Dominique Raimbourg pour soutenir l’amendement n� ;57.","13","yes","12 janvier 2012","S�ance unique","Article 4"
"M. Dominique Raimbourg.","La protection judiciaire de la jeunesse et les services p�nitentiaires d’insertion et de probation, qui �taient autrefois au premier rang en cas d’enqu�te pr�-sentencielle, sont aujourd’hui rel�gu�s � un rang inf�rieur, ce qui explique que nous demandions la suppression de cet article.","42","no","12 janvier 2012","S�ance unique","Article 4"
"M. LouisGiscardd’Estaing"," Quel est l’avis de la commission ?","8","yes","12 janvier 2012","S�ance unique","Article 4"
"M. Jean-Paul Garraud,",". D�favorable, car cet article tr�s important vise � am�liorer la pr�vention de la r�cidive en recentrant les services p�nitentiaires d’insertion et de probation sur leur cœur de m�tier.","29","no","12 janvier 2012","S�ance unique","Article 4"
"M. LouisGiscardd’Estaing"," Quel est l’avis du Gouvernement ?","7","yes","12 janvier 2012","S�ance unique","Article 4"
"M. Michel Mercier,","D�favorable �galement, l’amendement visant � supprimer une disposition essentielle du texte.","11","no","12 janvier 2012","S�ance unique","Article 4"
"M. LouisGiscardd’Estaing"," L’amendement n� ;76 de M. ;le rapporteur est de coordination.","11","yes","12 janvier 2012","S�ance unique","Article 4"
"M. LouisGiscardd’Estaing"," La parole est � M. ;le rapporteur pour soutenir l’amendement n� ;77.","13","yes","12 janvier 2012","S�ance unique","Apr�s l’article 4"
"M. Jean-Paul Garraud,","Cet amendement, accept� par la commission, vise � am�liorer le partage des informations entre l’autorit� judiciaire et les m�decins ou psychologues qui suivent les personnes poursuivies ou condamn�es pour des crimes ou d�lits violents ou de nature sexuelle.","38","no","12 janvier 2012","S�ance unique","Apr�s l’article 4"
"M. LouisGiscardd’Estaing"," La parole est � M. ;le garde des sceaux, pour soutenir l’amendement n� ;47, deuxi�me rectification, du Gouvernement.","19","yes","12 janvier 2012","S�ance unique","Apr�s l’article 4"
"M. Michel Mercier,","Cet amendement est tr�s important, car il vise � organiser le partage de l’information entre les juridictions et les autorit�s acad�miques en cas de poursuite ou de condamnation pour des crimes ou d�lits violents ou de nature sexuelle, afin de pr�venir une �ventuelle r�cidive dont les �v�nements r�cents nous ont malheureusement d�montr� le risque. Ces informations seraient ainsi partag�es avec celui qui h�berge, souvent apr�s sa lib�ration, la personne plac�e sous contr�le judiciaire ou condamn�e. L’autorit� acad�mique et les responsables d’�tablissement scolaire seraient �galement avis�s. Le juge pourra ainsi communiquer l’ordonnance de contr�le judiciaire ou la d�cision de condamnation � celui chez qui la personne mise en examen ou condamn�e �tablira sa r�sidence. Lorsque l’int�ress� sera scolaris�, cette communication sera syst�matiquement faite au responsable de l’�tablissement scolaire ou universitaire et � l’autorit� acad�mique.","133","no","12 janvier 2012","S�ance unique","Apr�s l’article 4"
"M. LouisGiscardd’Estaing"," Quel est l’avis de la commission ?","8","yes","12 janvier 2012","S�ance unique","Apr�s l’article 4"
"M. Jean-Paul Garraud,",". Tr�s favorable car cet amendement vise � mettre en œuvre une mesure importante tout en pr�voyant son encadrement.","19","no","12 janvier 2012","S�ance unique","Apr�s l’article 4"
"M. LouisGiscardd’Estaing"," La parole est � M. ;Dominique Raimbourg.","8","yes","12 janvier 2012","S�ance unique","Apr�s l’article 4"
"M. Dominique Raimbourg."," Sur ces questions, nous partons de tr�s loin, et le d�bat rejoint celui que nous avons eu hier soir � propos de l’information du maire.","26","no","12 janvier 2012","S�ance unique","Apr�s l’article 4"
"M. Jean-Paul Garraud,",". Pas du tout ;!","5","no","12 janvier 2012","S�ance unique","Apr�s l’article 4"
"M. Dominique Raimbourg."," Il est �vident que la question de la sortie ou du contr�le judiciaire de personnes faisant l’objet d’une enqu�te p�nale se pose. Or, pour l’instant, nous n’en sommes qu’au partage de l’information. Nous ne pouvons pas y �tre oppos�s, mais il faudra �tudier le probl�me du contr�le � la sortie. Celui � qui on donne l’information devra, � un moment donn�, �tre associ� au contr�le, sans quoi aucun chef d’�tablissement n’acceptera de recevoir des personnes ayant pr�sent� des difficult�s graves. Ils ne l’accepteront que s’ils sont associ�s au contr�le. Se posera in�vitablement, par cons�quent, la question de la construction d’un contr�le social – aussi d�sagr�able que ce terme puisse �tre, un contr�le social est toujours pr�f�rable � l’enfermement.","119","no","12 janvier 2012","S�ance unique","Apr�s l’article 4"
"M. LouisGiscardd’Estaing"," La parole est � M. ;�ric Ciotti.","8","yes","12 janvier 2012","S�ance unique","Apr�s l’article 4"
"M. �ric Ciotti."," Quelques mots seulement, pour soutenir cet amendement essentiel. L’actualit� r�cente a mis tragiquement en �vidence les cons�quences d’une information mal partag�e. Le Gouvernement, par cet amendement, fait avancer notre droit dans le sens d’une meilleure protection de notre soci�t� en renfor�ant les dispositifs d’information partag�e. Le d�bat est important, nous en avons beaucoup parl� cette nuit � propos de l’information des maires. Certaines r�serves ont �t� �mises et l’amendement n’a d’ailleurs pas �t� adopt�, mais en l’esp�ce la situation est diff�rente. L’information de la personne ou de l’�tablissement qui accueille une personne pr�sentant un risque de r�cidive doit �tre compl�te, tout en �tant encadr�e, ce que le texte pr�voit. Le dispositif propos� me para�t pertinent, �quilibr� et tr�s protecteur.","120","no","12 janvier 2012","S�ance unique","Apr�s l’article 4"
"M. LouisGiscardd’Estaing"," La parole est � Mme Muriel Marland-Militello pour soutenir l’amendement n� ;25.","13","yes","12 janvier 2012","S�ance unique","Apr�s l’article 4"
"Mme Muriel Marland-Militello."," Il est d�fendu.","4","no","12 janvier 2012","S�ance unique","Apr�s l’article 4"
"M. LouisGiscardd’Estaing"," Quel est l’avis de la commission ;?","8","yes","12 janvier 2012","S�ance unique","Apr�s l’article 4"
"M. Jean-Paul Garraud,",". D�favorable.","2","no","12 janvier 2012","S�ance unique","Apr�s l’article 4"
"M. LouisGiscardd’Estaing"," Quel est l’avis du Gouvernement ;?","7","yes","12 janvier 2012","S�ance unique","Apr�s l’article 4"
"M. Michel Mercier,","M�me avis.","2","no","12 janvier 2012","S�ance unique","Apr�s l’article 4"
"Mme Muriel Marland-Militello."," Il est retir�.","4","no","12 janvier 2012","S�ance unique","Apr�s l’article 4"
"M. LouisGiscardd’Estaing"," La parole est � Mme ;Muriel Marland-Militello pour soutenir l’amendement n� ;24.","13","yes","12 janvier 2012","S�ance unique","Apr�s l’article 4"
"Mme Muriel Marland-Militello."," Il est d�fendu ;!","5","no","12 janvier 2012","S�ance unique","Apr�s l’article 4"
"M. LouisGiscardd’Estaing"," Quel est l’avis de la commission ;?","8","yes","12 janvier 2012","S�ance unique","Apr�s l’article 4"
"M. Jean-Paul Garraud,",". D�favorable.","2","no","12 janvier 2012","S�ance unique","Apr�s l’article 4"
"M. LouisGiscardd’Estaing"," Quel est l’avis du Gouvernement ;?","7","yes","12 janvier 2012","S�ance unique","Apr�s l’article 4"
"M. Michel Mercier,","M�me avis.","2","no","12 janvier 2012","S�ance unique","Apr�s l’article 4"
"Mme Muriel Marland-Militello."," Il est retir� ;! ","6","no","12 janvier 2012","S�ance unique","Apr�s l’article 4"
"M. LouisGiscardd’Estaing"," La parole est � M. ;Dominique Raimbourg pour soutenir l’amendement n� ;58.","13","yes","12 janvier 2012","S�ance unique","Article 5"
"M. Dominique Raimbourg."," Il tend � supprimer l’article ;5.","7","no","12 janvier 2012","S�ance unique","Article 5"
"M. LouisGiscardd’Estaing"," L’amendement n� ;79 de M. ;le rapporteur est de pr�cision.","11","yes","12 janvier 2012","S�ance unique","Article 5"
"M. LouisGiscardd’Estaing"," La parole est � M. ;le rapporteur pour soutenir l’amendement n� ;80 rectifi�.","14","yes","12 janvier 2012","S�ance unique","Article 5"
"M. Jean-Paul Garraud,","Il s’agit d’un amendement de coh�rence avec celui adopt� apr�s l’article ;4.","12","no","12 janvier 2012","S�ance unique","Article 5"
"M. LouisGiscardd’Estaing"," L’amendement n� ;78 de M. ;le rapporteur est de coordination.","11","yes","12 janvier 2012","S�ance unique","Article 5"
"M. LouisGiscardd’Estaing"," La parole est � M. ;Dominique Raimbourg pour soutenir l’amendement n� ;59.","13","yes","12 janvier 2012","S�ance unique","Article 7"
"M. LouisGiscardd’Estaing"," L’amendement n� ;81 de M. ;le rapporteur est r�dactionnel.","10","yes","12 janvier 2012","S�ance unique","Article 7"
"M. LouisGiscardd’Estaing"," La parole est � M. ;le rapporteur pour soutenir l’amendement n� ;90.","13","yes","12 janvier 2012","S�ance unique","Article 7"
"M. Jean-Paul Garraud,"," Depuis de nombreuses ann�es, l’intervention des experts en mati�re d’ex�cution des peines est de plus en plus importante et de plus en plus n�cessaire, ce qui implique que les autorit�s judiciaires disposent d’un plus grand nombre d’experts susceptibles d’�tre d�sign�s pour effectuer les missions qui leur sont confi�es. Le pr�sent amendement vise � compl�ter la loi de 1971 relative aux experts judiciaires en �largissant le champ des personnes susceptibles d’�tre inscrites sur les listes, afin de pouvoir b�n�ficier d’experts aux profils et aux exp�riences vari�es, ayant exerc� en France ou dans un autre pays de l’Union europ�enne. L’amendement permet en outre de mettre la r�glementation fran�aise en conformit� avec les exigences pos�es par la Cour de justice de l’Union europ�enne dans son arr�t rendu le 17 mars 2011 dans l’affaire dite Penarroja, et reprises dans l’arr�t de la 2e chambre civile de la Cour de cassation le 29 septembre 2011.","146","no","12 janvier 2012","S�ance unique","Article 7"
"M. LouisGiscardd’Estaing"," La parole est � M. ;Dominique Raimbourg pour pr�senter l’amendement n� ;60.","13","yes","12 janvier 2012","S�ance unique","Article 8"
"M. Dominique Raimbourg."," Il tend � supprimer l’article ;8.","7","no","12 janvier 2012","S�ance unique","Article 8"
"M. LouisGiscardd’Estaing","La parole est � M. ;Dominique Raimbourg pour pr�senter l’amendement n� ;61.","12","yes","12 janvier 2012","S�ance unique","Article 9"
"M. Dominique Raimbourg."," Il tend � supprimer l’article ;9.","7","no","12 janvier 2012","S�ance unique","Article 9"
"M. LouisGiscardd’Estaing"," La parole est � M. ;Dominique Raimbourg pour pr�senter l’amendement n� ;62.","13","yes","12 janvier 2012","S�ance unique","Article 9"
"M. Dominique Raimbourg."," Il est d�fendu.","4","no","12 janvier 2012","S�ance unique","Article 9"
"M. LouisGiscardd’Estaing"," Je suis saisi de deux amendements identiques, n La parole est � M. le rapporteur, pour d�fendre l’amendement n� 91.","19","yes","12 janvier 2012","S�ance unique","Apr�s l’article 9"
"M. Jean-Paul Garraud,"," ","2","no","12 janvier 2012","S�ance unique","Apr�s l’article 9"
"M. LouisGiscardd’Estaing"," La parole est � M. ;�ric Ciotti, pour pr�senter l’amendement n� ;27 rectifi�.","14","yes","12 janvier 2012","S�ance unique","Apr�s l’article 9"
"M. �ric Ciotti."," Mon amendement, qui est en effet identique � celui de la commission, tend simplement � renforcer la coh�rence des dispositions applicables en mati�re de r�habilitation.","26","no","12 janvier 2012","S�ance unique","Apr�s l’article 9"
"M. LouisGiscardd’Estaing"," La parole est � M. ;le garde des sceaux, pour pr�senter l’amendement n� ;87, deuxi�me rectification.","17","yes","12 janvier 2012","S�ance unique","Apr�s l’article 9"
"M. Michel Mercier,","Cet amendement transpose dans notre droit deux d�cisions-cadres, celle du 24 ;juillet 2008 relative � la prise en compte des d�cisions de condamnation entre les �tats membres de l’Union europ�enne, et celle du 26 ;f�vrier 2009 concernant l’organisation et le contenu des �changes d’informations extraites du casier judiciaire entre les �tats membres. Il pr�cise ainsi les r�gles de r�habilitation en cas de condamnations �trang�res et permet l’inscription dans le casier judiciaire fran�ais des condamnations prononc�es � l’�tranger et leur restitution en cas de requ�te formul�e par un autre �tat membre. L’obligation de conserver au casier les condamnations �trang�res tant que l’�tat de condamnation n’en demande pas l’effacement a conduit, pour �viter une in�galit� entre justiciables selon le lieu de condamnation dans la mesure o� certains �tats ne connaissent pas de r�gles de r�habilitation, � pr�voir la possibilit� pour la personne de demander l’effacement des mentions au casier dans certains d�lais de r�habilitation. Cet effacement n’aura toutefois d’effet que pour la d�livrance en France des bulletins nos 1, 2 ou 3 du casier judiciaire.","172","no","12 janvier 2012","S�ance unique","Apr�s l’article 9"
"M. LouisGiscardd’Estaing"," La parole est � M. ;Dominique Raimbourg pour soutenir l’amendement n� ;70.","13","yes","12 janvier 2012","S�ance unique","Apr�s l’article 9"
"M. Dominique Raimbourg."," Il s’agit, sinon de replacer le maire au centre des dispositifs de protection des victimes, du moins de lui y donner une place lorsque ces derni�res font l’objet de pressions telles qu’elles n’osent pas d�poser plainte. Il convient de lui permettre alors de se substituer � elles, sans cependant pouvoir demander de dommages et int�r�ts.","56","no","12 janvier 2012","S�ance unique","Apr�s l’article 9"
"M. LouisGiscardd’Estaing"," Quel est l’avis de la commission ;?","8","yes","12 janvier 2012","S�ance unique","Apr�s l’article 9"
"M. Jean-Paul Garraud,",". Je comprends l’id�e, mais la r�daction de l’amendement, qui indique simplement que ;: � ;Le maire peut exercer les droits reconnus � la partie civile, dans l’int�r�t des habitants de la commune ;�, est quelque peu impr�cise ;: on ne voit pas du tout de quelles infractions il peut s’agir. Je m’oppose d’autant plus � cet amendement que d’autres autorit�s sont d�j� habilit�es � s’occuper des int�r�ts des victimes, � commencer par le procureur de la R�publique, qui poursuit les auteurs d’infraction.","83","no","12 janvier 2012","S�ance unique","Apr�s l’article 9"
"M. LouisGiscardd’Estaing"," Quel est l’avis du Gouvernement ;?","7","yes","12 janvier 2012","S�ance unique","Apr�s l’article 9"
"M. Michel Mercier,","Si l’on peut comprendre l’int�r�t de cet amendement, son caract�re est par trop g�n�ral. Le maire ne peut porter l’action publique. Plut�t que d’appeler l’Assembl�e � voter contre, je pr�f�rerais que M. Raimbourg retire son amendement.","35","no","12 janvier 2012","S�ance unique","Apr�s l’article 9"
"M. LouisGiscardd’Estaing"," Maintenez-vous votre amendement, monsieur Raimbourg ;?","7","yes","12 janvier 2012","S�ance unique","Apr�s l’article 9"
"M. Dominique Raimbourg."," Les objections avanc�es m’apparaissant fond�es, je le retire, monsieur le pr�sident.","12","no","12 janvier 2012","S�ance unique","Apr�s l’article 9"
"M. LouisGiscardd’Estaing"," La parole est � M. ;Dominique Raimbourg pour d�fendre l’amendement n� ;71.","13","yes","12 janvier 2012","S�ance unique","Apr�s l’article 9"
"M. Dominique Raimbourg."," Il s’agit d’un amendement plus solide juridiquement, et politiquement plus assur� ;!  Bien que l’on entende de longs discours sur la d�fense des victimes, la loi a, contre notre avis, �t� r�cemment modifi�e pour interdire � une victime de se constituer partie civile directement s’il n’y a pas eu d�p�t de plainte simple au pr�alable – et � la condition, qui plus est, que cette plainte n’ait pas �t� suivie d’effet pendant un d�lai de trois mois. Nous demandons que soit r�tablie la possibilit� pour une victime, lorsqu’elle l’estime n�cessaire, de se constituer directement partie civile devant le doyen des juges d’instruction, sans qu’il soit obligatoire d’attendre l’expiration du d�lai fix� par la loi.","116","no","12 janvier 2012","S�ance unique","Apr�s l’article 9"
"M. LouisGiscardd’Estaing"," Quel est l’avis de la commission ;?","8","yes","12 janvier 2012","S�ance unique","Apr�s l’article 9"
"M. Jean-Paul Garraud,",". Cet amendement, qui a �t� repouss� par la commission, vise, on l’aura compris, � supprimer le filtre du procureur de la R�publique pour les plaintes avec constitution de partie civile d�pos�e en mati�re d�lictuelle. Si je ne partage pas l’avis qui vient d’�tre expos� par Dominique Raimbourg, c’est d’abord parce que l’amendement n’a pas un lien direct qui nous occupe s’agissant de l’ex�cution des peines. � ce premier �l�ment de r�ponse, certainement insuffisant, s’ajoute, sur le fond, le fait que le filtre du procureur de la R�publique pour les plaintes avec constitution de partie civile, donc en mati�re d�lictuelle, est issu de la loi du 5 mars 2007 visant � renforcer l’�quilibre de la proc�dure p�nale. Cette disposition, je le rappelle, a �t� mise en place apr�s l’affaire d’Outreau pour limiter des constitutions de partie civile abusives ou dilatoires. L’�quilibre ainsi trouv� est parfaitement satisfaisant puisque la plainte de la victime est seulement – je le souligne – diff�r�e de trois mois dans l’attente de la r�ponse du procureur de la R�publique. Si ce dernier ne prend pas de mesure, la victime a alors la possibilit� de se constituer partie civile devant un juge d’instruction.","195","no","12 janvier 2012","S�ance unique","Apr�s l’article 9"
"M. LouisGiscardd’Estaing"," Quel est l’avis du Gouvernement ;?","7","yes","12 janvier 2012","S�ance unique","Apr�s l’article 9"
"M. Michel Mercier,","D�favorable. Comme vient de l’expliquer M. ;le rapporteur, l’amendement est satisfait.","11","no","12 janvier 2012","S�ance unique","Apr�s l’article 9"
"Mme Marietta Karamanli."," Pas totalement ;!","4","no","12 janvier 2012","S�ance unique","Apr�s l’article 9"
"M. LouisGiscardd’Estaing"," La parole est � M. ;le rapporteur pour soutenir l’amendement n� ;89.","13","yes","12 janvier 2012","S�ance unique","Apr�s l’article 9"
"M. Jean-Paul Garraud,",". Cet amendement, que j’estime important, tend � mettre en œuvre la recommandation n� ;7 du rapport d’information sur la mise en œuvre des conclusions de la mission d’information relative aux fichiers de police. Il a pour objet de pr�voir qu’en cas de r�cidive l’obligation de pr�sentation mensuelle s’applique de plein droit, sans qu’il soit n�cessaire d’exiger que la juridiction de jugement l’indique express�ment.","64","no","12 janvier 2012","S�ance unique","Apr�s l’article 9"
"M. LouisGiscardd’Estaing"," La parole est � M. ;Dominique Raimbourg pour pr�senter l’amendement n� ;63.","13","yes","12 janvier 2012","S�ance unique","Apr�s l’article 9"
"M. Dominique Raimbourg."," Il est d�fendu ;: il a trait au m�canisme du ","12","no","12 janvier 2012","S�ance unique","Apr�s l’article 9"
"M. LouisGiscardd’Estaing"," Quel est l’avis de la commission ;?","8","yes","12 janvier 2012","S�ance unique","Apr�s l’article 9"
"M. Jean-Paul Garraud,",". �videmment d�favorable ;: je maintiens tout ce que j’ai dit hier soir sur ce sujet. Du point de vue de la logique, le syst�me propos� n’est pas pertinent.","29","no","12 janvier 2012","S�ance unique","Apr�s l’article 9"
"M. LouisGiscardd’Estaing"," La parole est � Mme ;Marietta Karamanli pour d�fendre l’amendement n� ;72.","13","yes","12 janvier 2012","S�ance unique","Apr�s l’article 9"
"Mme Marietta Karamanli.","Cet amendement fait suite � ce que nous avons exprim� hier dans la discussion g�n�rale puis dans celle des articles. Nous proposons de donner au juge des enfants la possibilit� de mettre en place, lorsque la situation le justifie, un contr�le renforc� de mineurs sous la forme d’une cellule de suivi compos�e du procureur de la R�publique, des membres de la police ou de la gendarmerie, d’un repr�sentant de l’�ducation nationale, voire du ma�tre d’apprentissage. Nous demandons vraiment que la possibilit� de mettre en place, par ordonnance motiv�e, une telle cellule soit offerte au juge des enfants afin de lutter efficacement contre la d�linquance de certains mineurs.","107","no","12 janvier 2012","S�ance unique","Apr�s l’article 9"
"M. LouisGiscardd’Estaing"," Quel est l’avis de la commission ;?","8","yes","12 janvier 2012","S�ance unique","Apr�s l’article 9"
"M. Jean-Paul Garraud,",". Je comprends bien l’id�e d�fendue, mais ce qui est propos� fait partie du travail du juge des enfants ;: lorsque celui-ci se trouve devant un cas particuli�rement difficile – et il en rencontre beaucoup –, il met en place tous les dispositifs qu’il juge utiles. Plut�t que de rigidifier le syst�me, il faut au contraire laisser une marge de manœuvre au juge des enfants ainsi qu’� tous ceux qui travaillent avec lui, et qui sont habitu�s � g�rer ce type de difficult�. La mise en place d’une telle cellule de suivi pourrait m�me, � la limite, diluer les responsabilit�s, voire adresser un mauvais message. Il convient donc de laisser les choses en l’�tat, et c’est pourquoi, bien que je comprenne l’intention de ses auteurs, j’�mets un avis d�favorable � cet amendement, � moins qu’il ne soit retir�.","138","no","12 janvier 2012","S�ance unique","Apr�s l’article 9"
"M. LouisGiscardd’Estaing"," Quel est l’avis du Gouvernement ;?","7","yes","12 janvier 2012","S�ance unique","Apr�s l’article 9"
"M. Michel Mercier,","Qu’il me soit permis de faire remarquer aux auteurs de l’amendement que celui-ci me para�t inconstitutionnel. En effet, le principe de la cr�ation d’une commission  Sans revenir sur d’autres �l�ments de l’amendement, le seul fait que celui-ci ne soit pas conforme � la constitution devrait conduire ses auteurs � le retirer.","52","no","12 janvier 2012","S�ance unique","Apr�s l’article 9"
"M. LouisGiscardd’Estaing"," L’amendement est-il maintenu ;?","5","yes","12 janvier 2012","S�ance unique","Apr�s l’article 9"
"M. Dominique Raimbourg."," Oui, monsieur le pr�sident.","5","no","12 janvier 2012","S�ance unique","Apr�s l’article 9"
"M. Michel Mercier,","Bien qu’il soit inconstitutionnel ;?","5","no","12 janvier 2012","S�ance unique","Apr�s l’article 9"
"M. LouisGiscardd’Estaing"," La parole est � M. ;Dominique Raimbourg pour soutenir l’amendement n� ;66.","13","yes","12 janvier 2012","S�ance unique","Apr�s l’article 9"
"M. Dominique Raimbourg."," Il est d�fendu.","4","no","12 janvier 2012","S�ance unique","Apr�s l’article 9"
"M. LouisGiscardd’Estaing"," Sur l’article ;9 ;","5","yes","12 janvier 2012","S�ance unique","Article 9 bis"
"M. Jean-Luc Warsmann","<b>,</b> Nous ne pouvons pas admettre qu’un certain nombre de d�linquants disposent de revenus �lev�s, aient un train de vie ostentatoire et conduisent de belles voitures. Cela choque terriblement nos concitoyens. C’est pourquoi nous avons vot� la loi du 9 juillet 2010 visant � favoriser la saisie et la confiscation en mati�re p�nale. Il est d�sormais possible, d�s le stade de la garde � vue, de bloquer les comptes bancaires d’une personne � cibl�e � par les enqu�teurs et de saisir ses biens mobiliers et immobiliers. L’Agence de gestion et de recouvrement des avoirs saisis et confisqu�s a �t� cr��e par la loi pour g�rer ces biens. Le jour de la d�cision d�finitive du tribunal, si la personne mise en cause est reconnue coupable, la juridiction prononce la confiscation des biens saisis qui servent � indemniser les victimes,…","135","no","12 janvier 2012","S�ance unique","Article 9 bis"
"M. Jean-Paul Garraud,",". Tr�s bien ;!","4","no","12 janvier 2012","S�ance unique","Article 9 bis"
"M. Jean-Luc Warsmann,"," …� alimenter le fonds de concours de la MILDT, la mission interminist�rielle de lutte contre la drogue et les toxicomanies, lorsque la condamnation concerne un trafic de stup�fiants – ou qui reviennent en dernier lieu au Tr�sor public. Le 30 novembre dernier, la commission des lois a auditionn� la directrice g�n�rale de l’Agence qui, en neuf mois, a �t� amen�e � g�rer la saisie de cent soixante-trois biens immobiliers, de centaines de voitures, de trois bateaux et de 56 millions d’euros. Les choses progressent ; la France dispose aujourd’hui de l’une des meilleures l�gislations parmi celles des pays d�velopp�s. Il reste toutefois encore du chemin � parcourir, et je souhaite que la mont�e en puissance de l’Agence se poursuive.","117","no","12 janvier 2012","S�ance unique","Article 9 bis"
"M. �ric Ciotti."," Tr�s bien ;!","4","no","12 janvier 2012","S�ance unique","Article 9 bis"
"M. LouisGiscardd’Estaing"," La parole est � M. ;le rapporteur.","8","yes","12 janvier 2012","S�ance unique","Article 9 bis"
"M. Jean-Paul Garraud"," Je tiens � saluer le travail remarquable effectu� par l’Agence, et j’appelle tous nos coll�gues � voter les am�liorations qui nous sont propos�es. Ces dispositifs sont redoutablement efficaces ;; la commission y est donc tr�s favorable.","37","no","12 janvier 2012","S�ance unique","Article 9 bis"
"M. Guy Geoffroy."," Tr�s bien ;!","4","no","12 janvier 2012","S�ance unique","Article 9 bis"
"M. LouisGiscardd’Estaing"," La parole est � M. ;Dominique Raimbourg.","8","yes","12 janvier 2012","S�ance unique","Article 9 bis"
"M. Dominique Raimbourg."," La loi du 9 ;juillet 2010 avait �t� adopt�e � l’unanimit�. Nous nous �tions tous f�licit�s de la cr�ation de l’Agence ;; nous ne pouvons que faire de m�me aujourd’hui, quand s’am�liorent les proc�dures et nos capacit�s � saisir des biens acquis avec de l’argent frauduleux.","47","no","12 janvier 2012","S�ance unique","Article 9 bis"
"M. Jean-Paul Garraud,"," et ","3","no","12 janvier 2012","S�ance unique","Article 9 bis"
"M. Jean-Luc Warsmann,"," Tr�s bien ;!","4","no","12 janvier 2012","S�ance unique","Article 9 bis"
"M. LouisGiscardd’Estaing"," La parole est � M. ;Yves Vandewalle.","8","yes","12 janvier 2012","S�ance unique","Article 9 bis"
"M. Yves Vandewalle."," Je soutiens totalement l’�volution qui nous est propos�e. En tant que pr�sident d’un parc naturel r�gional, je souhaite toutefois savoir si les dispositions relatives aux pr�te-noms s’appliquent aux personnes morales au-del� des personnes physiques.","35","no","12 janvier 2012","S�ance unique","Article 9 bis"
"M. Jean-Paul Garraud,",". C’est le cas ;; c’est d’ailleurs ce qui est le plus important.","13","no","12 janvier 2012","S�ance unique","Article 9 bis"
"M. Jean-Luc Warsmann,"," Je le confirme ;: l’article ;9 ;","8","no","12 janvier 2012","S�ance unique","Article 9 bis"
"M. LouisGiscardd’Estaing"," La parole est � M. ;le garde des sceaux.","10","yes","12 janvier 2012","S�ance unique","Article 9 bis"
"M. Michel Mercier,"," L’Agence fonctionne tr�s bien. J’ai assist� � la r�union de son conseil d’administration ;: tous ceux qui y si�gent sont extr�mement motiv�s. Cette agence effectue un travail de fond…  Les dispositions que nous allons adopter permettront de parfaire le dispositif en place. Je connais au moins deux cas de soci�t�s qui servent de pr�te-noms comme propri�taires de grands bateaux de plaisance de luxe. Demain, lorsque cette loi aura �t� vot�e, ces b�timents pourront �tre saisis. Nous nous dotons d’un outil v�ritablement efficace pour lutter contre le grand banditisme. Je remercie � nouveau M. Warsmann et l’Assembl�e nationale de donner � l’�tat les moyens de mener ce combat.","108","no","12 janvier 2012","S�ance unique","Article 9 bis"
"M. LouisGiscardd’Estaing","Je constate que le vote est acquis � l’unanimit�. ","10","yes","12 janvier 2012","S�ance unique","Article 9 bis"
"M. LouisGiscardd’Estaing"," L’amendement n� ;82 de M. ;le rapporteur � l’article ;9 ","12","yes","12 janvier 2012","S�ance unique","Article 9 quater"
"M. LouisGiscardd’Estaing"," L’amendement n� ;88 de M. ;le rapporteur a d�j� �t� d�fendu par M. ;le pr�sident de la commission.","19","yes","12 janvier 2012","S�ance unique","Article 9 quater"
"M. LouisGiscardd’Estaing"," L’amendement n� ;83 de M. ;le rapporteur est r�dactionnel.","10","yes","12 janvier 2012","S�ance unique","Article 9 quater"
"M. LouisGiscardd’Estaing"," L’amendement n� ;92 de M. ;le rapporteur � l’article ;10 est de cons�quence.","14","yes","12 janvier 2012","S�ance unique","Article 10"
"M. LouisGiscardd’Estaing"," La parole est � M. ;le garde des sceaux pour soutenir l’amendement n� ;46, deuxi�me rectification, portant article additionnel apr�s l’article ;10.","23","yes","12 janvier 2012","S�ance unique","Apr�s l’article 10"
"M. Michel Mercier,"," Cet amendement technique permet d’organiser le transfert de la comp�tence de la protection des b�timents abritant les administrations centrales du minist�re de la justice, du minist�re de l’int�rieur vers les services de l’administration p�nitentiaire.","35","no","12 janvier 2012","S�ance unique","Apr�s l’article 10"
"M. LouisGiscardd’Estaing"," Nous avons termin� l’examen des articles du projet de loi. Je n’ai �t� saisi d’aucune demande d’explication de vote personnelle. Mes chers coll�gues, je vous rappelle que la conf�rence des pr�sidents a d�cid� que les explications de vote des groupes et le vote, par scrutin public, sur l’ensemble du projet de loi auront lieu le mardi 17 janvier 2012, apr�s les questions au Gouvernement.","64","yes","12 janvier 2012","S�ance unique","Apr�s l’article 10"
"M. LouisGiscardd’Estaing",". M. ;le Pr�sident a re�u de M. ;le ministre charg� des relations avec le Parlement une lettre l’informant que l’ordre du jour est ainsi modifi� ;: La proposition de loi, adopt�e par le S�nat, visant � renforcer l’�thique du sport et des droits des sportifs est inscrite le mercredi 18 janvier en fin d’ordre du jour ; La proposition de loi, adopt�e par le S�nat, relative � l’exploitation num�rique des livres indisponibles du XXe si�cle est inscrite � la fin de l’ordre du jour du jeudi 19 janvier.","85","yes","12 janvier 2012","S�ance unique","Apr�s l’article 10"
"M. LouisGiscardd’Estaing"," Prochaine s�ance, mardi 17 ;janvier � quinze heures ;: Questions au Gouvernement ; �lection d’un juge suppl�ant de la Cour de justice de la R�publique ; Vote solennel sur le projet de loi relatif � l’ex�cution des peines ; Discussion, sur le rapport de la commission mixte paritaire, du projet de loi organique portant diverses dispositions relatives au statut de la magistrature ; Discussion du projet de loi organique portant application de l’article 68 de la Constitution. La s�ance est lev�e.","77","yes","12 janvier 2012","S�ance unique","Ordre du jour de la prochaine s�ance"
